source,target,relation,year
t_European Union Politics,p_PPE,mentions_topic,2022
t_European Union Politics,p_S&D,mentions_topic,2022
t_European Union Politics,p_ALDE,mentions_topic,2022
t_European Union Politics,p_GUE/NGL,mentions_topic,2022
t_European Union Politics,p_Greens/EFA,mentions_topic,2022
t_European Union Politics,p_ECR,mentions_topic,2022
t_European Union Politics,p_NI,mentions_topic,2022
t_Human rights violations,p_Greens/EFA,mentions_topic,2022
t_Human rights violations,p_PPE,mentions_topic,2022
t_Human rights violations,p_S&D,mentions_topic,2022
t_Human rights violations,p_ALDE,mentions_topic,2022
t_Human rights violations,p_GUE/NGL,mentions_topic,2022
t_Human rights violations,p_ECR,mentions_topic,2022
t_Human rights violations,p_NI,mentions_topic,2022
t_EU Fisheries Policy,p_PPE,mentions_topic,2022
t_EU Fisheries Policy,p_S&D,mentions_topic,2022
t_EU Fisheries Policy,p_ECR,mentions_topic,2022
t_EU Fisheries Policy,p_GUE/NGL,mentions_topic,2022
t_EU Fisheries Policy,p_ALDE,mentions_topic,2022
t_EU Fisheries Policy,p_Greens/EFA,mentions_topic,2022
t_EU Trade Policy,p_PPE,mentions_topic,2020
t_EU Trade Policy,p_S&D,mentions_topic,2020
t_EU Trade Policy,p_GUE/NGL,mentions_topic,2020
t_EU Trade Policy,p_ALDE,mentions_topic,2022
t_EU Trade Policy,p_ECR,mentions_topic,2020
t_EU Trade Policy,p_NI,mentions_topic,2022
t_EU Ukraine War,p_ALDE,mentions_topic,2022
t_EU Ukraine War,p_S&D,mentions_topic,2022
t_EU Ukraine War,p_ECR,mentions_topic,2022
t_EU Ukraine War,p_GUE/NGL,mentions_topic,2022
t_EU Ukraine War,p_PPE,mentions_topic,2022
t_EU Ukraine War,p_NI,mentions_topic,2022
t_EU Ukraine War,p_Greens/EFA,mentions_topic,2022
t_European Youth Education,p_PPE,mentions_topic,2022
t_European Youth Education,p_ALDE,mentions_topic,2019
t_European Youth Education,p_Greens/EFA,mentions_topic,2021
t_European Youth Education,p_S&D,mentions_topic,2022
t_Disability Rights Participation,p_S&D,mentions_topic,2022
t_Disability Rights Participation,p_ALDE,mentions_topic,2018
t_Disability Rights Participation,p_GUE/NGL,mentions_topic,2020
t_Disability Rights Participation,p_PPE,mentions_topic,2022
t_Disability Rights Participation,p_ECR,mentions_topic,2021
t_European Digital Market,p_S&D,mentions_topic,2022
t_European Digital Market,p_PPE,mentions_topic,2022
t_European Digital Market,p_ALDE,mentions_topic,2022
t_European Digital Market,p_ECR,mentions_topic,2022
t_European Digital Market,p_GUE/NGL,mentions_topic,2022
t_EU Tourism Recovery,p_PPE,mentions_topic,2021
t_EU Tourism Recovery,p_S&D,mentions_topic,2021
t_EU Tourism Recovery,p_ALDE,mentions_topic,2021
t_Journalist safety crisis,p_PPE,mentions_topic,2022
t_Journalist safety crisis,p_S&D,mentions_topic,2022
t_Journalist safety crisis,p_ALDE,mentions_topic,2022
t_Journalist safety crisis,p_ECR,mentions_topic,2021
t_Journalist safety crisis,p_GUE/NGL,mentions_topic,2019
t_Journalist safety crisis,p_NI,mentions_topic,2022
t_Journalist safety crisis,p_Greens/EFA,mentions_topic,2022
t_Spanish climate solidarity fund,p_ALDE,mentions_topic,2020
t_Spanish climate solidarity fund,p_PPE,mentions_topic,2022
t_Spanish climate solidarity fund,p_GUE/NGL,mentions_topic,2020
t_Spanish climate solidarity fund,p_S&D,mentions_topic,2021
t_Spanish climate solidarity fund,p_Greens/EFA,mentions_topic,2020
t_Spanish climate solidarity fund,p_NI,mentions_topic,2020
t_Spanish climate solidarity fund,p_ECR,mentions_topic,2020
t_EU Humanitarian Aid,p_ECR,mentions_topic,2019
t_EU Humanitarian Aid,p_S&D,mentions_topic,2022
t_EU Humanitarian Aid,p_ALDE,mentions_topic,2022
t_EU Humanitarian Aid,p_PPE,mentions_topic,2022
t_EU Humanitarian Aid,p_GUE/NGL,mentions_topic,2022
t_EU China Human Rights,p_GUE/NGL,mentions_topic,2022
t_EU China Human Rights,p_ECR,mentions_topic,2022
t_EU China Human Rights,p_S&D,mentions_topic,2022
t_EU China Human Rights,p_PPE,mentions_topic,2022
t_EU China Human Rights,p_ALDE,mentions_topic,2022
t_EU China Human Rights,p_NI,mentions_topic,2021
t_Climate Change Response,p_S&D,mentions_topic,2022
t_Climate Change Response,p_ALDE,mentions_topic,2022
t_Climate Change Response,p_GUE/NGL,mentions_topic,2022
t_Climate Change Response,p_ECR,mentions_topic,2022
t_Climate Change Response,p_PPE,mentions_topic,2022
t_Iran women's rights,p_Greens/EFA,mentions_topic,2022
t_Iran women's rights,p_PPE,mentions_topic,2022
t_Iran women's rights,p_GUE/NGL,mentions_topic,2019
t_Iran women's rights,p_ALDE,mentions_topic,2022
t_Iran women's rights,p_S&D,mentions_topic,2022
t_Iran women's rights,p_ECR,mentions_topic,2022
t_EU Budget Agreement,p_S&D,mentions_topic,2021
t_Turkey EU Relations,p_S&D,mentions_topic,2022
t_Turkey EU Relations,p_ECR,mentions_topic,2019
t_Turkey EU Relations,p_Greens/EFA,mentions_topic,2022
t_Turkey EU Relations,p_PPE,mentions_topic,2021
t_Turkey EU Relations,p_GUE/NGL,mentions_topic,2021
t_Turkey EU Relations,p_ALDE,mentions_topic,2019
t_Turkey EU Relations,p_NI,mentions_topic,2022
t_EU Israel Palestine,p_PPE,mentions_topic,2022
t_EU Israel Palestine,p_GUE/NGL,mentions_topic,2022
t_EU Israel Palestine,p_ALDE,mentions_topic,2022
t_EU Israel Palestine,p_S&D,mentions_topic,2022
t_EU Israel Palestine,p_Greens/EFA,mentions_topic,2020
t_EU Israel Palestine,p_ECR,mentions_topic,2021
t_EU-Morocco Border Crisis,p_ECR,mentions_topic,2022
t_EU-Morocco Border Crisis,p_S&D,mentions_topic,2022
t_EU-Morocco Border Crisis,p_PPE,mentions_topic,2022
t_EU-Morocco Border Crisis,p_ALDE,mentions_topic,2022
t_EU-Morocco Border Crisis,p_Greens/EFA,mentions_topic,2021
t_EU-Morocco Border Crisis,p_GUE/NGL,mentions_topic,2022
t_Green Digital Industry,p_S&D,mentions_topic,2021
t_Green Digital Industry,p_ALDE,mentions_topic,2021
t_Poland EU Law,p_GUE/NGL,mentions_topic,2021
t_Poland EU Law,p_NI,mentions_topic,2020
t_Poland EU Law,p_PPE,mentions_topic,2020
t_Poland EU Law,p_ALDE,mentions_topic,2021
t_Poland EU Law,p_S&D,mentions_topic,2022
t_Socialist economic policy,p_PPE,mentions_topic,2020
t_Socialist economic policy,p_S&D,mentions_topic,2022
t_Gender Violence Prevention,p_ALDE,mentions_topic,2020
t_Gender Violence Prevention,p_PPE,mentions_topic,2022
t_Gender Violence Prevention,p_ECR,mentions_topic,2021
t_Gender Violence Prevention,p_S&D,mentions_topic,2022
t_Roma Integration Policies,p_S&D,mentions_topic,2020
t_Roma Integration Policies,p_GUE/NGL,mentions_topic,2022
t_Pandemic Social Recovery,p_S&D,mentions_topic,2021
t_Pandemic Social Recovery,p_ECR,mentions_topic,2022
t_EU Green Transition,p_ALDE,mentions_topic,2022
t_EU Green Transition,p_S&D,mentions_topic,2022
t_EU Green Transition,p_PPE,mentions_topic,2021
t_Global vaccine strategy,p_S&D,mentions_topic,2021
t_Global vaccine strategy,p_ALDE,mentions_topic,2021
t_Spyware and fundamental rights,p_Greens/EFA,mentions_topic,2021
t_Spyware and fundamental rights,p_S&D,mentions_topic,2022
t_Spyware and fundamental rights,p_GUE/NGL,mentions_topic,2022
t_Spyware and fundamental rights,p_PPE,mentions_topic,2022
t_Climate Change Impacts,p_Greens/EFA,mentions_topic,2022
t_Climate Change Impacts,p_ECR,mentions_topic,2022
t_Climate Change Impacts,p_S&D,mentions_topic,2022
t_EU energy security,p_S&D,mentions_topic,2022
t_Energy Price Crisis,p_S&D,mentions_topic,2022
t_Energy Price Crisis,p_PPE,mentions_topic,2022
