party,year,topic,snippet,correct_topic
PPE,2021,EU-Africa relations and development," – Señora presidenta, África debe ser un continente prioritario para la Unión Europea: vecino geográficamente, con múltiples vínculos históricos, humanos y económicos, pero con una enorme diferencia económica y también demográfica.  Tenemos que poner África en el centro de nuestra atención con palabras y también con hechos. Ojalá la cumbre de 2021 contribuya a esa asociación de la que tanto venimos hablando. Es crucial crear crecimiento y empleo para esa población joven, muy cuantiosa, que se quiere incorporar al mercado laboral. La inversión europea y la intensificación del comercio deben contribuir al desarrollo del continente.  Pero el desarrollo también requiere seguridad y superación de conflictos. Espero que el Fondo Europeo da Apoyo a la Paz, ayude a los países africanos a afrontar grandes amenazas como el terrorismo, por ejemplo, en el Sahel. El informe de la señora Zacharopoulou insiste con razón en la importancia del Sahel, esa región clave también para nuestros vecinos africanos, los países del Mediterráneo sur. ",
PPE,2021,Patent liberalization harms research," – Señora presidenta, el Partido Popular Europeo lleva décadas en toda Europa desmontando con hechos los tópicos más populistas de la izquierda. Se me ocurren varios: las subidas masivas de impuestos, que no aumentan la recaudación y acaban lastrando la economía y destruyen empleo.  Ahora nos toca desmontar un nuevo tópico más: la liberalización de las patentes no aumentará la producción de vacunas ni salvará más vidas. Esa promesa es una estafa a los ciudadanos, porque quien la propone sabe perfectamente que la liberalización de las patentes hará que se frene en seco la investigación. Y a quien de verdad perjudicará será al conjunto de la humanidad. La COVID la venceremos, pero llegarán otras pandemias. Y si eliminamos toda recompensa al esfuerzo a la investigación, nadie querrá dedicar tiempo y dinero a salvar vidas en los próximos años. No prediquemos ni acometamos políticas populistas que puedan comprometer la investigación y el desarrollo sanitario y farmacéutico del mundo.  El Partido Popular Europeo propone soluciones reales y efectivas para apoyar a los países en situación de emergencia. Debemos continuar liderando la exportación de vacunas, porque uno de nuestros grandes valores europeos es la solidaridad. Debemos apoyarnos en la transferencia de tecnología y en la inversión para el aumento de producción. Debemos apoyar más acuerdos de licencias y conseguir que los Estados Unidos eliminen las restricciones a la exportación. Y no nos engañemos: China y Rusia serían los únicos países terceros que producirían vacunas utilizando patentes abiertas y aprovecharían ese poder para ejercitar su influencia geopolítica a nivel global y reducir nuestro liderazgo mundial en el cuidado de la salud. ",
ALDE,2021,Bolivia political persecution," – Señor presidente, todos esperábamos que las últimas elecciones en Bolivia marcarían un cambio positivo, que restaurarían la paz en un país tan dividido. Pero sucedió lo contrario. Hemos observado con espanto una ola de persecución política. Que quede claro: la sucesión presidencial en 2019 fue constitucional. La Unión Europea, entre otros, apoyó la auditoría de la OEA al Gobierno de transición de Jeanine Áñez. Con la falsa excusa de un golpe de Estado, el Gobierno de Luis Arce justifica la persecución política, abusa del aparato judicial, socavando el poco Estado de Derecho que aún queda. Exigimos la liberación inmediata de la expresidenta Áñez y los dos ministros. Exigimos procesos judiciales independientes. Los bolivianos quieren y merecen estabilidad y, sobre todo, paz. La Unión Europea no se ha olvidado de Bolivia y les acompañará plenamente en estos momentos difíciles.",
S&D,2022,Promoting cycling in EU cities," – Señor presidente, señora comisaria, debemos establecer una estrategia europea para potenciar el uso de la bicicleta que impulse el cambio de unas ciudades del siglo pasado, pensadas para los vehículos privados, a lo que deben ser las ciudades del presente: ciudades diseñadas para el transporte público, las bicicletas y los peatones.  Tenemos que incentivar la implementación de los planes de movilidad urbana sostenible en todas las ciudades de la Unión Europea con una presencia importante de medidas para la movilidad: generación de carriles bici, servicios de bicicletas públicas, intermodalidad para combinar fácilmente el transporte público con la bicicleta, más cargadores para bicicletas eléctricas... Y debemos conseguir espacios de movilidad sostenible en los que usar la bicicleta no suponga un riesgo de atropello, como el que sufrió la semana pasada el campeón del mundo, Alejandro Valverde, mientras entrenaba por las carreteras de mi tierra, la Región de Murcia.",
Greens/EFA,2020,Regional participation in recovery fund," – Señora presidenta, más allá del volumen económico o de los porcentajes de atribución financiera a las políticas sectoriales, quisiera remarcar la importancia de la participación de las regiones europeas en la gestión del futuro Mecanismo de Recuperación y Resiliencia. Desde el inicio de la crisis de la COVID, la mayoría de las regiones y entes locales han estado al frente de las necesidades de la población, algunas de ellas incluso gestionando competencias clave como la sanidad, la educación o el ámbito social. Por lo tanto, son las administraciones regionales quienes mejor conocen a sus comunidades y, además, ya tienen experiencia en la gestión de los fondos europeos. La inclusión de las regiones en la gestión de los fondos nos permitiría agilizar y realizar más proyectos, ganando así la Unión Europea más credibilidad. Estimados colegas, la gestión de la crisis ha hecho evidente la necesidad de una mayor coordinación, pero, al mismo tiempo, de una mayor gobernanza multinivel. Solo así seremos capaces de atajar las múltiples consecuencias de la crisis, que ha impactado de forma distinta en nuestras regiones. Algunas de las enmiendas al texto de la Comisión, ahora en negociación en el Parlamento Europeo, ya contienen esta propuesta. Esperemos que se adopten y que posteriormente el Consejo también las tome en consideración. Pensar globalmente para actuar localmente es más necesario que nunca.",
ALDE,2020,Nicaragua repression and democracy,"en nombre del Grupo Renew. – Señora presidenta, en la Revolución Sandinista, la lucha contra el tirano Anastasio Somoza sonó bien. En mi memoria está asociada a las canciones de Carlos Mejía Godoy, alegres, esperanzadoras. Hoy solo pueden escucharse con nostalgia. El Gobierno de Daniel Ortega destrozó estas partituras. Hoy, es reflejo corregido y aumentado de la dictadura que derrocó. Los acuerdos alcanzados en 2019 para buscar una salida pacífica, dialogada y duradera a una crisis sin precedentes, organizar unas elecciones libres y reanudar la convivencia han quedado en agua de borrajas. Y la responsabilidad del fracaso es de quienes promueven leyes como la de regulación de los llamados «agentes extranjeros» o la que, bajo la excusa de combatir el cibercrimen, santifica la censura; ambas, flagrante violación de principios democráticos básicos y de tratados internacionales firmados por Nicaragua; ambas profundizan en la deriva represiva denunciada por todo tipo de organizaciones internacionales y defensores de derechos humanos.  Por eso, expreso mi apoyo y solidaridad a las víctimas de la represión. Además, apoyo las sanciones a los jerarcas de este régimen criminal y el envío de una misión parlamentaria allí en cuanto sea posible. Aplaudo el compromiso de la Unión con los defensores de los derechos humanos, los medios independientes, la oposición democrática y cuantos trabajan allí por la paz y la convivencia. En definitiva, se trata de exigir el inmediato y total cumplimiento a Nicaragua de las cláusulas del Acuerdo de Asociación entre la Unión y los países de Centroamérica centradas en la defensa del Estado de Derecho.",
ALDE,2020,Amazon deforestation and climate strategy,"en nombre del Grupo Renew. – Señora presidenta, comisario, la Amazonía está amenazada. El acaparamiento de tierras, la tala y quema de selva para desarrollar actividades ganaderas o agrícolas, la obtención ilegal de títulos de propiedad, junto a la minería, son responsables de su creciente deforestación y degradación. Pero, ante ello, ¿cuál es la mejor estrategia para revertir esta situación que amenaza al clima, a la biodiversidad, pero también al desarrollo sostenible de los países amazónicos y al derecho de sus ciudadanos a disfrutar de una vida digna? ¿Con permanentes reproches y reprimendas teñidas de paternalismo neocolonial, o, por el contrario, implementando una estrategia pensada con respeto, recursos, compromiso, cooperación y acuerdos? Porque, señorías, para que nuestra estrategia sobre el clima tenga un impacto global real, necesitamos socios que se sumen a ella, y eso solo lo podemos conseguir sobre la base de acuerdos vinculantes. Es necesaria una actitud vigilante desde este Parlamento sobre las acciones políticas de aquellos Gobiernos de la región que vayan en la dirección equivocada, pero también debemos reconocer los esfuerzos de los países amazónicos, que han firmado el Acuerdo de París, el Pacto de Leticia o el Acuerdo de Escazú y que han desarrollado iniciativas nacionales para combatir esta situación entre tremendas dificultades económicas y sociales. También debemos apoyar a la sociedad civil, a las poblaciones indígenas, a los defensores del medio ambiente, es decir, a los países. Porque los países no son solo sus Gobiernos. Ellos, como nosotros, pasan, pero los problemas continúan, y solo con instrumentos de incidencia real podemos contribuir a nuestro objetivo compartido. Y el instrumento más poderoso que tenemos son los acuerdos comerciales y de asociación. Estos son clave para colaborar con nuestros socios en la estrategia por el clima, como el Acuerdo de la Unión Europea y el Mercosur, un acuerdo que incorpora un capítulo específico dedicado al desarrollo sostenible y a la protección del medio ambiente, y que recoge el cumplimiento del Acuerdo de París como un elemento vinculante. Apreciadas señorías, no será con demagogia ideológica como apagaremos los incendios o frenaremos la minería ilegal, o la deforestación, o el acaparamiento de tierras, sino con respeto, recursos, cooperación y acuerdos.",
S&D,2022,Energy crisis social protection," – Señor presidente, querido vicepresidente, tras la última reunión del Consejo Europeo caminamos en la buena dirección para superar la crisis energética, en la línea que venía marcando y de acuerdo con lo que reclama el Gobierno español.  Pero ahora necesitamos acelerar y concretar las medidas en torno a la protección social. Nuestros ciudadanos y ciudadanas no pueden verse obligados a pasar hambre o frío y nuestras empresas no pueden endeudarse o tener que cerrar por el aumento de los gastos.  Por eso, las cargas de esta crisis deben repartirse con justicia. No podemos exigir más sacrificio a los trabajadores cuando algunas grandes empresas están obteniendo unos beneficios desorbitados. Debemos gravarlos. Ya lo estamos haciendo en España y pedimos que se haga también en Europa.  Por otra parte, tenemos que poner un límite al precio del gas y emprender la reforma del mercado energético, desvinculando los precios del gas de los precios de la electricidad e impulsando la compra conjunta, las interconexiones energéticas y los corredores de energías verdes, como el que va a unir la Península ibérica con Francia.",
S&D,2020,EU Parliament Spanish government,"pregunta de «tarjeta azul». – Señor presidente, quisiera preguntarle a la señora Montserrat si ve procedente utilizar el Parlamento Europeo como instrumento para atacar al Gobierno de España, incluso sabiendo que esta Cámara no tiene competencias en lo que usted está trasladando. Si la respuesta es que sí es procedente, tal vez algunos grupos políticos se vean tentados a llevar otros asuntos de interés nacional, sobre los que muchos ciudadanos quieren saber, como, por ejemplo, que por primera vez dos presidentes del Gobierno, Aznar y Rajoy, hayan sido llamados... (el presidente retira la palabra a la oradora).",
ALDE,2022,Air transport challenges and opportunities," – Señora presidenta, señora comisaria, el transporte aéreo afronta, tras la pandemia, un enorme reto de sobrevivir y de hacerlo contribuyendo a la descarbonización y con altos estándares de seguridad, que se llevan mal con la degradación de las condiciones laborales. Este sector es clave para nuestra competitividad, pero también aporta convivencia y construye comunidad, propicia precios asequibles y una libertad de circulación que nos hace plenamente conscientes y protagonistas de nuestra diversidad. Considerémonos, en consecuencia, ante una oportunidad que solo aprovecharemos si las reglas que guiarán los cambios se basan en el diálogo y en el pragmatismo. El sector necesita que centremos el apoyo público en la innovación de la tecnología aeronáutica, en la operativa y la gestión de los vuelos, que siguen esperando un verdadero cielo único, y en los combustibles alternativos. Y no olvidemos que los más dependientes del transporte aéreo  —las regiones ultraperiféricas— necesitan ver reconocida esa realidad en la regulación del comercio de derechos de emisión para el sector. Y, ¿por qué no? Pensemos en las conexiones internas en algunas RUP como un laboratorio privilegiado para ensayar la potencialidad de nuevas tecnologías aeronáuticas que pueden tener allí, con plena seguridad, por rangos de vuelo, frecuencias y hábitos de movilidad, sus primeras oportunidades comerciales.",
ALDE,2022,"Fighting cancer, supporting patients"," – Señora presidenta, hoy quisiera dirigirme a todas aquellas personas que día a día luchan contra el cáncer, y a sus familiares, que les apoyan y sufren como propios los estragos de esta enfermedad. El mensaje de hoy es claro: este Parlamento va a dar la cara por vosotros. Porque el informe que hoy se aprueba no es una declaración de intenciones, es un proyecto con medidas concretas para unir recursos en investigación y poder hacer frente, por ejemplo, a los cánceres raros, los pediátricos o los de más difícil curación. Es un plan para que los Estados miembros puedan invertir en prevención, en cribado y en mejores cuidados. Un apoyo directo a los sistemas sanitarios, a nuestros profesionales. Y aquí no tienen cabida las desigualdades, solo la atención de la más alta calidad independientemente de las fronteras: que un paciente de Polonia, Rumanía, Francia o España tenga las mismas oportunidades de superar la enfermedad. A todos os digo que este Parlamento seguirá teniendo como absoluta prioridad la lucha contra el cáncer. Que no os quepa ninguna duda. Muchísimas gracias, querida Véronique, por tu implicación.",
S&D,2021,EU-Belarus border migrant crisis," – Señor presidente, muchas gracias, señor alto representante por sus declaraciones. Yo quería añadir unas consideraciones breves. Estamos todos de acuerdo en que lo que está haciendo Lukashenka es una instrumentalización de los flujos migratorios. Pero realmente me sorprende la adhesión inquebrantable que estamos escuchando por parte de algunos diputados hoy al Gobierno polaco. No sé si recuerdan que hace muy poco tuvimos aquí al primer ministro polaco y que prácticamente toda la Cámara le sometió a una durísima crítica por su ataque al orden legal de la Unión Europea.  Y, en segundo lugar, estamos de acuerdo en que Lukashenka actúa a las órdenes de Putin, pero ¿no creen ustedes que este ataque de pánico, estos nervios por 5 000, 10 000 personas en la frontera entre Polonia y Bielorrusia es precisamente lo que nos hace débiles frente a Putin? ¿No se dan ustedes cuenta de que esta no es la manera de negociar con Putin, poniéndonos nosotros mismos en una posición de extrema debilidad? Piensen sobre ello. ",
GUE/NGL,2022,EU policy towards China,"en nombre del Grupo The Left. – Señor presidente, señor Borrell, la Unión Europea tiene que decidir si apuesta por un mundo dividido en bloques, en una nueva versión de la Guerra Fría, o si defiende realmente un orden internacional multipolar.  La actual política de la Unión Europea respecto a China se caracteriza por la subordinación a las directivas del Consejo de Seguridad Nacional de los Estados Unidos y conlleva una batería de sanciones y provocaciones a China que evidencia que nuestro presunto alegato por un mundo multipolar no es más que una pose tacticista.  China no es un enemigo sistémico ni un rival comercial para ninguna nación del planeta. De hecho, es un socio comercial leal, con muchas posibilidades para superar los efectos de la crisis que sufrimos y que difícilmente se resolverán de forma aislada.  El intento de imposición de un sistema unipolar al servicio de los Estados Unidos es, simple y llanamente, el intento de mantener vivo un sistema que es un peligro no solo para los pueblos de la Unión Europea, sino para la supervivencia misma del planeta y de toda la humanidad. ",
PPE,2018,"Youth, Erasmus, and demographics","Señor presidente, señor primer ministro, en primer lugar, gracias por comparecer hoy ante nosotros.  Como este es un debate sobre el futuro, quiero referirme esencialmente a los jóvenes y celebro, en primer lugar, su compromiso con el programa Erasmus, que usted mismo ha vivido. Yo me alegro también de que el marco financiero plurianual que nos presentó el presidente Juncker a comienzos de mes contemple un importante incremento en los fondos para este programa. Pero también creo necesario que los jóvenes conozcan mejor, en los centros educativos, los antecedentes, los objetivos y el funcionamiento de las instituciones de la Unión. No se puede valorar aquello que no se conoce. Y, por eso, celebro mucho que el pasado 22 de mayo el Consejo aprobara la recomendación de la Comisión sobre la promoción de los valores comunes, la educación inclusiva y la dimensión europea en la enseñanza. Esta asignatura europea, por así llamarla, me parece muy conveniente y celebro mucho esta iniciativa del comisario Navracsics. En segundo lugar, quisiera señalar un grave problema que hoy afecta ya a toda Europa: la baja tasa de natalidad, el envejecimiento y, por consiguiente, un futuro con menos jóvenes. Tenemos ante nosotros un invierno demográfico, que en algunas regiones ya es un presente, y lo que me habría gustado es que en el marco financiero plurianual la cuestión demográfica hubiera tenido un peso un poco mayor a la hora de repartir los fondos entre las regiones. Me gustaría, señor primer ministro, que usted compartiera con nosotros algunas reflexiones sobre estos temas vinculados a los jóvenes y al declive demográfico.",
PPE,2021,Modernizing EU metrology system,"en nombre del Grupo PPE. – Señora presidenta, señora comisaria, quiero comenzar dando la enhorabuena a la ponente, su señoría Carvalho, porque ha hecho realmente un trabajo excelente. No hay duda de que el estudio científico de la medición es fundamental para todas las actividades productivas. Las mediciones tienen que responder a definiciones y estándares internacionales, deben ser precisas y deben generar confianza. Necesitamos, nosotros, modernizar el sistema de metrología en la Unión Europea. ¿Y cómo hacerlo? Pues, esencialmente, a través de la investigación y de la innovación. Por lo que se refiere más específicamente al ámbito digital, los institutos nacionales de metrología tienen que contar con las capacidades de medición más avanzadas porque ello realmente contribuye a generar servicios digitales innovadores y a desarrollar tecnologías emergentes como la computación cuántica y la inteligencia artificial. Esperamos, en fin, que la Asociación Europea de Metrología, que cuenta con una financiación de hasta 300 millones de euros, pueda conseguir esos objetivos.",
S&D,2021,EU fiscal cooperation improvement," – Señora presidenta, señor comisario, hoy celebramos un debate importante, después de un acuerdo relevante también, para mejorar la cooperación fiscal entre los Estados.  El programa Fiscalis ha funcionado bien en el último período presupuestario, y muestra de ello es la mejora en la dotación presupuestaria para estos siete años que tenemos por delante, que tienen que ayudar a mejorar la confianza, la relación, en fin, el trabajo conjunto de las agencias de impuestos europeas.  Pero esta cooperación no es suficiente, y ayer debatíamos aquí la Comunicación de la Comisión para dotarnos de un impuesto de sociedades común, para dotarnos de un impuesto digital común; también para repartir los ingresos tributarios entre los distintos Estados y —un tema no menor— mejorar el tratamiento de la deuda y el capital para reducir el endeudamiento de las empresas europeas.  Yo creo que el ambiente está cambiando. Yo creo que el debate en Europa está cambiando; que nos estamos jugando el modelo social europeo. Y quiero lanzar un mensaje de optimismo a los ciudadanos europeos, y es que, claramente, las cosas cambian y cambian en la buena dirección. ",
S&D,2021,Nicaragua democratic elections," – Señor presidente, señor alto representante, lo sabemos todos: las elecciones, ya se ha dicho, del pasado 7 de noviembre en Nicaragua fueron una farsa, una pantomima que pretendía humillar a la oposición democrática nicaragüense y también a su pueblo. Pero ese día la oposición se hizo notar con un silencio que retumbó en todo el país. La dictadura de Ortega, Murillo y los suyos son una élite que parasita las instituciones de un país que antaño ya levantó el puño y se alzó para poner fin a una dictadura decrépita. Por eso, yo no pierdo ni perderé nunca la esperanza de que Nicaragua se vuelva a levantar. Y no la pierdo porque son los ciudadanos y ciudadanas del país los primeros que están convencidos de que más pronto que tarde van a conseguirlo. Van a recuperar la democracia, pero de forma pacífica. Por esto, desde Europa no podemos perder nunca esa esperanza. Contribuyamos a visibilizar esa gran mayoría demócrata de la población. Sigamos en el país para ayudarles y ayudemos también a todas y todos los exiliados, porque todos ellos y ellas son indispensables para corregir la situación a través de unas elecciones verdaderamente libres y justas; para liberar a los presos políticos, para conseguir que los partidos, las organizaciones internacionales y las ONG vuelvan a cooperar en el país. Para lograr el cambio, contemos con todas y todos los demócratas nicaragüenses y sigamos trabajando para conseguir la democracia en el país.",
PPE,2022,EU funds for SMEs," – Señora presidenta, señora comisaria, hoy estamos recordando que en Europa existen más de 24 millones de pymes que emplean a más de 100 millones de europeos: no debemos olvidar que no hay mejor política social que la creación de empleo, pero son precisamente esos 24 millones de pymes los que han venido sufriendo las consecuencias de las crisis de los últimos quince años y, aun así, han sido capaces de seguir sacando adelante su negocio. En los últimos años han recibido el gran golpe que supuso el cierre a causa de la COVID—19, y también la gran crisis de inflación y de suministros provocada por la invasión rusa en Ucrania. La Unión Europea puso en marcha un instrumento maravilloso que son los fondos Next Generation EU, un instrumento que lo que permitía, lo que buscaba, era inyectar liquidez y transformar nuestra economía para hacerla más competitiva y ayudar precisamente a las pymes y a aquellos que crean trabajo a salir adelante, pero la gran pregunta es dónde están estos fondos; dónde están los fondos para las pymes, para la digitalización, para formar a sus trabajadores, para ayudarlas a aumentar sus exportaciones, para lograr dar forma a nuevos servicios que puedan dar lugar a nuevas líneas de negocio; dónde están estos fondos. Y lo pregunto precisamente porque la Unión ya ha comunicado que ha transferido a los Estados miembros 100 000 millones de euros de los 800 000 millones de los fondos Next Generation, y la realidad es que estos fondos no están llegando a las pymes, no están llegando al tejido productivo, no están llegando a la economía real. Y yo le pregunto a la Comisión qué va a hacer; qué va a hacer para asegurarse de que los fondos llegan, llegan rápido, llegan a los que los necesitan, y cómo va a exigirle a los Estados miembros que hagan públicos los datos reales de ejecución: porque sin datos no hay transparencia, y sin transparencia hay muy dudosa ejecución.",
Greens/EFA,2018,Public care services and equality,"Señor presidente, en los últimos años la falta de unos servicios de asistencia y de cuidados públicos suficientemente desarrollados y de apoyo a los cuidadores y cuidadoras ha generado que muchas mujeres se hayan visto obligadas a volver a desempeñar tareas de cuidados. La austeridad y los recortes en los servicios públicos han hecho un daño extraordinario a la igualdad entre hombres y mujeres. Y después, evidentemente, esto repercute en la brecha salarial y en la brecha de pensiones, porque muchas mujeres se ven obligadas a abandonar sus puestos de trabajo para dedicarse a las tareas de cuidados. Por ello, es muy importante desarrollar este pilar esencial del Estado del bienestar. Yo celebro que aprobemos hoy este informe en el que se pide claramente que se desarrollen los servicios públicos, que haya inversiones claras en los servicios de atención y de cuidados de los Estados miembros y que haya apoyo a los profesionales, cuidadores y cuidadoras, y formación; y que ese sea un pilar desarrollado que permita, de una vez por todas, tener una sociedad igualitaria. No habrá sociedad igualitaria en la Unión Europea si no tenemos unos servicios públicos que sean capaces de cubrir este pilar esencial del Estado del bienestar.",
S&D,2019,Generalized preferences system reform,"Señora presidenta, gracias, señor comisario, y también quiero felicitar al ponente por su excelente trabajo. Defiendo profundamente el sistema de preferencias generalizadas porque es una herramienta fundamental de la política comercial para la promoción del desarrollo sostenible en los países menos avanzados.  Suprimir aranceles en estos países a cambio de promover la protección de los derechos humanos, laborales y medioambientales, así como el buen gobierno, sin duda alguna ha fomentado un empleo mejor y nos ha permitido luchar contra la lacra de la explotación infantil y contra la corrupción y ayudar a combatir la pobreza. Pero, aun así, los avances no son suficientes y desgraciadamente estamos observando graves retrocesos en algunos países. Por ello, es fundamental la reforma y me congratulo de que vaya a ser receptivo a las propuestas que se incorporan en este informe. Porque es necesario reforzar la eficacia del sistema, el control de su implementación y asegurarse de que se retiran las concesiones como última solución en caso de violaciones graves de los compromisos asumidos.  También es necesario establecer obligaciones de diligencia debida y de transparencia a nuestras empresas porque no podemos permitir que se produzca en otros países menos avanzados —aprovechando las menores protecciones laborales y medioambientales— y luego se vendan esos productos en nuestros países a un arancel cero. Y también creo que es muy importante incentivar a las empresas que (palabra inaudible) producen de manera sostenible. Mejoremos la regulación y profundicemos en un sistema que ha funcionado pero que necesita mejorar su implementación.",
