node_id,type,name,label
t_European Union Politics,Topic,,European Union Politics
t_Human rights violations,Topic,,Human rights violations
t_EU Fisheries Policy,Topic,,EU Fisheries Policy
t_EU Trade Policy,Topic,,EU Trade Policy
t_EU Ukraine War,Topic,,EU Ukraine War
t_European Youth Education,Topic,,European Youth Education
t_Disability Rights Participation,Topic,,Disability Rights Participation
t_European Digital Market,Topic,,European Digital Market
t_EU Tourism Recovery,Topic,,EU Tourism Recovery
t_Journalist safety crisis,Topic,,Journalist safety crisis
t_Spanish climate solidarity fund,Topic,,Spanish climate solidarity fund
t_EU Humanitarian Aid,Topic,,EU Humanitarian Aid
t_EU China Human Rights,Topic,,EU China Human Rights
t_Climate Change Response,Topic,,Climate Change Response
t_Iran women's rights,Topic,,Iran women's rights
t_EU Budget Agreement,Topic,,EU Budget Agreement
t_Turkey EU Relations,Topic,,Turkey EU Relations
t_EU Israel Palestine,Topic,,EU Israel Palestine
t_EU-Morocco Border Crisis,Topic,,EU-Morocco Border Crisis
t_Green Digital Industry,Topic,,Green Digital Industry
t_Poland EU Law,Topic,,Poland EU Law
t_Socialist economic policy,Topic,,Socialist economic policy
t_Gender Violence Prevention,Topic,,Gender Violence Prevention
t_Roma Integration Policies,Topic,,Roma Integration Policies
t_Pandemic Social Recovery,Topic,,Pandemic Social Recovery
t_EU Green Transition,Topic,,EU Green Transition
t_Global vaccine strategy,Topic,,Global vaccine strategy
t_Spyware and fundamental rights,Topic,,Spyware and fundamental rights
t_Climate Change Impacts,Topic,,Climate Change Impacts
t_EU energy security,Topic,,EU energy security
t_Energy Price Crisis,Topic,,Energy Price Crisis
p_PPE,Party,PPE,
p_S&D,Party,S&D,
p_ALDE,Party,ALDE,
p_GUE/NGL,Party,GUE/NGL,
p_Greens/EFA,Party,Greens/EFA,
p_ECR,Party,ECR,
p_NI,Party,NI,
